<Screen>
<Label type="Header" text="Everything"/>

<InputField type="Fencer" label="Fencer Name" seq="1" name="A_Fencer_name" />
<InputField type="Action" label="Action Type" seq="2" name="An_Action_type" />
<InputField type="Integer" label="Number" seq="3" name="A_Number" />
<InputField type="Boolean" label="Boolean" seq="4" name="A_Boolean"/>
<InputField type="Interval" label="Interval" seq="5" position="above" height="160" name="An_Interval" maxMeasure="Months"/>
<InputField type="Text" label="Text" quotes="true" default="My Dog Sex" seq="6" name="A_text_field" />
<InputField type="Id" label="An_ID" table="Bout" seq="7" name="An_id_field"/>

</Screen>

